<beans xmlns="http://www.springframework.org/schema/beans"
	xmlns:context="http://www.springframework.org/schema/context"
	xmlns:mvc="http://www.springframework.org/schema/mvc" xmlns:xsi="http://www.w3.org/2001/XMLSchema-instance"
	xsi:schemaLocation="
        http://www.springframework.org/schema/beans     
        http://www.springframework.org/schema/beans/spring-beans-3.0.xsd
        http://www.springframework.org/schema/context 
        http://www.springframework.org/schema/context/spring-context-3.0.xsd
        http://www.springframework.org/schema/mvc
        http://www.springframework.org/schema/mvc/spring-mvc-3.0.xsd">

	<context:component-scan base-package="edu.ncsu.mavenbot.controller" />

	<mvc:annotation-driven />

	<bean
		class="org.springframework.web.servlet.view.InternalResourceViewResolver">
		<property name="prefix">
			<value>/WEB-INF/pages/</value>
		</property>
		<property name="suffix">
			<value>.jsp</value>
		</property>
	</bean>
	<bean id="decisionMakingController" class="edu.ncsu.mavenbot.controller.DecisionMakingController">
		<property name="gitAdapterService" ref="gitAdapterService" />
		<property name="mavenAdapterService" ref="mavenAdapterService" />
	</bean>
	<bean id="gitAdapterService" class="edu.ncsu.mavenbot.service.GitAdapterService">
		<property name="rootDirectory" value="${git.currentDirectory}" />
		<property name="responseModel" ref="responseModel" />
	</bean>
	<bean id="mavenAdapterService" class="edu.ncsu.mavenbot.service.MavenAdapterService">
		<property name="responseModel" ref="responseModel"/>
		<property name="projectLocation" value="${maven.projectLocation}" />
		<property name="projectUpdateLocation" value="${maven.projectUpdateLocation}" />
	</bean>
	<bean id="responseModel" class="edu.ncsu.mavenbot.model.ResponseModel"></bean>
	<bean
		class="org.springframework.beans.factory.config.PropertyPlaceholderConfigurer">
		<property name="location" value="classpath:application.properties" />
	</bean>

	<bean id="buildTaskScheduler" class="edu.ncsu.mavenbot.scheduler.MavenBuildScheduler"></bean>
	<!-- <task:scheduler id="taskScheduler" pool-size="10" />
	<task:scheduled-tasks>
		<task:scheduled ref="buildTaskScheduler" method="runJob" cron="*/5 * * * * *" />
	</task:scheduled-tasks> -->

</beans>



